-2.341530238801048380e-01,-1.331238321689669213e-01,-3.812354890877014957e-02,-1.666202112558107795e-01,1.548752475308822450e-02,1.348622107891717381e-01,2.423544546933150204e-02,-2.012054409331098456e-02,2.617739165098487142e-02,6.361285529617161094e-02
1.474943389634183200e-01,-8.530602643165322019e-02,-6.190859958950514774e-02,-1.390702951500191742e-02,-9.413412766525704189e-02,-2.968389792135028502e-02,1.614946721921919209e-02,3.285161943462224649e-02,-6.949597826804572442e-02,2.099032400541292823e-02
-8.962679614584642684e-02,-8.910778638251783124e-02,-5.295191127221152150e-02,1.697738078181899868e-01,1.701386680666004958e-01,-3.684528462313021308e-02,4.299163434139331025e-02,-1.961204503719643846e-02,2.424499795319039544e-02,1.644603007443854181e-01
3.637471484514375603e-02,1.016328903383451471e-01,3.847834425693767019e-02,-3.125700396959139177e-02,-6.886571361266842495e-02,1.868760992208441662e-02,-3.130229602891275442e-02,7.518910399707338932e-02,-1.997354335577697718e-02,2.221171579224340970e-02
-7.547496618614475683e-02,-3.783452540647509049e-02,3.979781235516844512e-02,1.850993474667353075e-02,-1.176588032975862258e-02,-7.533642063467983763e-02,-2.559164392460033105e-02,-4.817830081921394697e-02,2.628041701743547356e-02,8.808918182161297461e-02
1.337236381545952972e-02,-4.847648202066818374e-02,4.191674024935060361e-02,-1.401644240118410101e-01,6.741030247035385836e-02,-4.789252597992171151e-02,-5.579808430240773554e-02,2.761211182416349955e-02,-1.449050923108980045e-02,6.285010081129527304e-02
-4.828745069135407381e-02,3.194756386956121991e-02,8.764500959477745934e-02,1.922902744580833601e-01,1.105353618894882456e-01,-3.933707797230322906e-02,-1.028364687669772876e-01,6.157819173319090816e-02,-1.540839383402278495e-01,-2.328529261172965770e-01
-1.853847208950529790e-01,2.094560771254275894e-02,4.009618253854364128e-02,3.480262279089586536e-03,-8.058288967714719031e-02,-7.120010751365228596e-02,-2.262225572237675994e-02,-5.970734082762181594e-02,4.857657291600304961e-02,3.338064693519019605e-02
1.229303811241631711e-01,2.682448494684948684e-02,7.856378417048920371e-02,5.750473226594304127e-02,1.392526808190320924e-02,-1.893930801024372793e-02,-1.290690393387596002e-01,-8.170811845960966255e-03,-6.191230928729092586e-02,-6.625778605373184010e-04
2.176897089340313479e-02,3.515032774271911742e-02,-4.417531841802473797e-02,-2.426774261670745433e-02,7.741027505310507650e-02,-6.608097246555097448e-02,-6.132291732077346097e-02,5.829191224533538523e-03,7.722372703748460465e-04,-1.781837537784430880e-02
8.951306135316640378e-02,8.032508010167381529e-03,6.026074826842239135e-02,-1.499604653243051880e-02,6.205518861689780438e-03,-1.212043056730986584e-01,-2.797339863708220853e-01,-1.104011200602862258e-01,-1.054960727905743523e-01,1.068821023431204137e-01
3.535229172895534844e-02,1.154989385714482314e-01,-1.215114558680595140e-02,2.435679725020912026e-02,-1.606139947583168082e-01,3.855534589234883088e-04,4.104969283525842540e-03,1.112564208534772003e-01,4.891973156741667023e-02,-4.810720302442260399e-02
1.417244289475761143e-01,2.078596703009088012e-02,6.682646623158458588e-02,2.935938822676485357e-02,-7.828159967676469669e-03,2.316633540488223855e-02,7.802682314663829388e-02,-1.412913812649791434e-01,-4.408515307347250084e-02,1.985773147493090363e-02
8.079779167247569394e-02,-1.086522254510135232e-01,3.696080853061486232e-02,2.703242376733357155e-02,-9.025554297106772039e-02,1.609559981220469727e-01,2.167716343975561663e-02,-1.299632729638059911e-02,-9.973067412391907471e-02,-7.495467863254864915e-02
-3.984190359003649679e-02,8.932615514933231471e-02,1.246150683606264409e-01,-1.471154994440611874e-01,3.394791119546057556e-02,1.152635443263475140e-01,-9.336816110853347894e-02,4.008341280003521051e-02,-3.653647094350325614e-02,1.429955294119382610e-03
-1.018149465766421576e-02,1.134689479938831430e-01,7.435920940900199450e-02,5.683078635182574334e-02,-4.441181231387275608e-02,1.785749792828198942e-02,-5.867628323965649872e-02,6.667382765490567631e-02,5.681644686494453748e-03,4.028866319222622165e-03
8.386044335723114029e-02,1.345983991652494605e-01,-1.974285622949885008e-02,6.388820722937063601e-02,4.240390700084896436e-02,8.610601048479063491e-02,-9.967407149448584414e-02,6.539835090265289086e-02,1.588367626666738475e-01,-5.925125446267666407e-02
3.845937556165077847e-02,-1.034274217089923009e-01,-1.268051964308701540e-01,-3.328427545814295618e-02,4.012956308255606619e-02,2.461155088992323520e-02,-5.132033996880928234e-02,-1.748443290632860705e-02,-1.879432382313064864e-02,-3.865104589978116123e-02
-1.754625022222655248e-02,7.025652093641163165e-02,-1.163232819807667184e-01,6.654579675093936358e-03,7.881536016555443225e-02,-4.549824455765739961e-02,4.019517818290048450e-02,3.090723838017850680e-02,-7.040783243989036377e-02,1.242911080393936663e-01
-5.072830203504384572e-02,-9.677202515993594406e-04,7.917101302787287603e-03,1.387822112819628827e-02,-1.084293976145987368e-02,-2.953886468069395060e-02,-7.835864210423272580e-02,-1.498187219657393654e-01,-7.046432682996674191e-02,2.684977431420228558e-02
-2.654096339392717809e-03,1.698553751963510772e-01,1.231014397280544466e-02,-6.162761096031231511e-02,-3.133310364200499187e-02,-6.058862621857753761e-02,9.303845526709787761e-02,4.039028874881570030e-02,-5.084577206353951828e-02,5.880295968149437669e-02
-4.187451129799036470e-02,8.264461189019857434e-02,-2.026201514590581995e-02,-6.998328585531203572e-02,1.346399269239356988e-01,-1.256292388082010381e-01,-1.022535872870952017e-02,-1.603192410977373125e-02,-2.827598152012311336e-02,3.230934771916061515e-02
-1.170482597151639853e-01,7.057447640286759749e-02,7.499443692016931340e-03,6.786865976892626773e-02,-3.535008275336110756e-02,3.997028162914753602e-02,5.767004069573718888e-02,-4.803994400898388417e-02,1.621520113976361241e-02,2.105972214792416544e-02
-1.320433974360957219e-01,-1.242352502808976578e-01,-1.729312929143566810e-02,3.384707557098745601e-02,3.594755133337886738e-02,-2.661630644896274545e-01,1.786346270280838311e-01,-2.267496278047288413e-02,-7.659619253354540969e-02,-1.782607337854342361e-02
-4.761658389633811189e-02,-8.697573746289700980e-02,1.542272389056393612e-02,2.067991533620127872e-02,2.148646376039809467e-04,-7.740981621791824530e-02,-8.771253793722771919e-02,-3.692640387247803774e-02,-6.060043495906566879e-02,1.963681604459600535e-02
4.981246966095353307e-02,2.331336274370429673e-02,3.266818824285790818e-02,-1.778054614747176798e-01,-9.367965125823192463e-02,-3.443439193188376716e-03,2.124682144801965517e-02,4.910756561415928478e-02,-1.057445748921781864e-01,-6.129276590373569644e-02
2.271914229259101511e-02,6.182579425538507756e-02,1.261439697370358437e-01,-5.523589229599704109e-02,1.299480045717209785e-02,-7.737521352131061791e-02,-5.886065332578051951e-02,1.127114493824217384e-01,1.066132450475747451e-01,4.063740113600926990e-02
-1.591853114860857232e-01,2.965685857855441393e-02,-2.974366965433490086e-03,-3.555065298550032227e-02,2.842966654575804220e-02,1.122630572875630145e-01,2.624383700776916281e-02,8.312081825588508999e-02,-5.122149156347061486e-03,1.281186972383560607e-02
5.595145338321526329e-02,5.089952193128180480e-02,7.984893348284855669e-03,4.416644979174622065e-02,-9.665526870239280616e-03,1.113244272322114203e-01,4.807891317125975728e-02,1.307450757987491715e-03,-1.012447360293617926e-01,1.582104303052673036e-02
-6.463341739966083077e-02,3.637375196914636316e-02,-4.762116044889359162e-02,-7.600274596736904253e-02,3.476539478293358409e-02,1.063548284620980805e-01,-2.241277798426582687e-02,5.641649518081967400e-03,-2.435015187010740323e-02,-7.795171189804343814e-02
3.062282887412608873e-02,4.824621286348805549e-02,4.413374676253457168e-02,1.124011034254544274e-02,-1.022192665912178972e-01,-1.395607687564251187e-01,-1.122397910322270494e-02,5.413831995506283856e-02,-1.045483264500956244e-01,5.696959229206547543e-02
2.190621627805719798e-02,5.501447228773349851e-02,-1.016951369818397746e-02,3.344985890926634869e-02,-1.469802299184014560e-01,-3.013868685913441425e-02,8.307095147789152201e-02,-2.734355803383703085e-02,-2.915034846624752624e-02,9.492618034326670562e-02
1.315285515299102759e-01,-2.157468955688715290e-03,-3.344447345696708630e-03,-8.359785425506166545e-02,1.758326986792150826e-01,-1.362634814856279741e-01,1.621384634948875025e-01,3.479920712242290815e-03,6.032865024657539654e-02,-4.358152978584029641e-02
-1.084511849427311631e-01,-7.263994511415805544e-02,-2.518230324615325713e-02,-1.156886473349983402e-01,-1.128757494249545829e-01,-4.858087188086027824e-02,-4.482185193157262743e-02,8.152821876659629985e-02,-2.626276027816917824e-02,8.664752117081803151e-02
5.493246230627161358e-02,-7.710177782473848218e-02,9.733115870710794260e-02,-1.318048226561544523e-01,-8.503957913938692270e-02,-5.897460817128646893e-02,-1.276638695649262925e-02,-2.475331916044011191e-02,6.402679556461685073e-02,-2.546923809105217790e-02
5.343166941601447395e-02,-5.949742767902618801e-02,5.497835106563343094e-02,4.533641309968746563e-02,-2.215858073474638867e-01,-1.800052137319268705e-02,9.154807620573229832e-02,2.321463457531628208e-02,-7.270681336273465689e-02,-4.965472041174639334e-02
7.369990151765165587e-02,-1.773491105856730282e-02,3.570722516507983391e-02,3.107342815750165077e-02,-7.865849809848143859e-02,1.699566836910305218e-02,-5.430792603683274461e-02,-2.715971704109432922e-02,1.178167394462347056e-01,-8.026003732801834101e-02
-3.297590950680011346e-02,7.664047269096734005e-02,-1.128124119291152305e-01,-5.124152663229267907e-02,4.408946331552906356e-02,9.094259928307492358e-02,-8.948665652766754630e-02,-1.285167665513501506e-02,-7.842804969747525778e-02,-6.107016841443198285e-02
2.107890879733383821e-02,6.364095395966800316e-03,9.697848642888488857e-02,-1.756392269187154187e-02,7.785759051902778685e-03,8.915900900680169550e-02,1.677227524007456616e-01,-2.194495622612465877e-02,-2.310055721290376132e-02,-3.849088486011659378e-03
-5.455368934158130040e-02,4.867315444025985260e-02,1.444342190225120746e-02,-5.898427684115595260e-02,3.367329222570412950e-02,-1.223137608817124848e-02,-1.303511905387365055e-01,-7.945779823005803821e-02,2.584832767610217158e-02,-7.094214229024885243e-02
-4.137778917869158746e-02,-1.624560211468199095e-02,-6.121155808266245252e-02,6.555662198622831671e-02,1.118469340566623782e-01,6.537777684170927028e-02,6.625869804511673455e-02,-1.576930678080537898e-02,-7.587327335679027373e-04,3.015833308452924022e-02
-1.549768311096666809e-02,-1.065003426062697961e-01,-1.208845246989797423e-01,-1.157395272463303780e-02,9.824085481893321883e-03,-9.974039663143524637e-02,5.281134029163955801e-02,-9.261113344949685466e-02,-2.735074633500893942e-02,8.411110616050020139e-02
-6.447917960344325128e-02,6.902317201057868445e-02,9.549075971515623429e-02,-5.905321061641716912e-02,-9.610487695939874675e-02,1.930094336144718217e-02,-5.067955176535468564e-02,-1.034277746640980544e-01,-9.444043024912987527e-03,-3.611252995877378691e-02
1.955730820582669491e-02,1.018186448313734794e-03,1.191510991903106526e-01,3.388041007200472826e-02,9.202886356102554788e-02,2.449677745599438544e-02,-3.598163152009106747e-02,-2.037228623580060113e-02,1.631593491762082376e-02,-8.465440360198298042e-02
1.621671393336545641e-01,5.355902464645169404e-04,5.348227191925043755e-02,6.866109494957135795e-02,-5.727763077898608002e-02,4.178977477844880370e-03,2.820321830962448789e-02,8.172038288662980543e-02,-5.765381206915459050e-02,-4.845975029014941426e-02
-5.382115282705460246e-02,4.369978135198851477e-02,3.768258353783696807e-02,1.603579633990111566e-02,-8.335489891538702678e-02,6.036522956409375723e-02,-4.484512235693501742e-02,-6.996424462113578525e-03,-2.656747638606102562e-03,-1.650599373293656566e-02
-6.560470408330885961e-02,1.888179337010709447e-01,-5.936914099691811830e-02,-6.545706526069840214e-02,6.584631551344016787e-02,1.173658677681655577e-01,7.883197304729867849e-02,3.480428765430428062e-02,-5.805078158199224875e-02,2.245733021966040965e-01
5.209269593790837732e-02,3.833102224849684742e-02,8.984321423369168169e-02,8.701477523478212683e-02,8.109962698314444537e-03,-2.699754000463810283e-02,-2.076788249883049914e-02,-4.881634525234990890e-02,7.345118616251598842e-02,-6.874829218327908886e-02
6.130217559920519282e-02,4.044256563643938707e-02,6.308350963089144614e-02,-7.711496340233729187e-03,-2.072787310946840045e-02,1.094334593542068967e-01,-7.709837497140664686e-02,1.427046112339685688e-02,4.393475212003601638e-02,9.948884265703648866e-02
1.699507950983901103e-02,1.551144913053415994e-02,-5.827380608144350216e-02,-1.859175090951221965e-01,-8.660382774320444024e-03,-8.680060434623658450e-02,-1.054052827439882628e-01,4.997908146998657208e-02,-3.602263803334373321e-02,-4.072213893566359322e-02
-9.314173362823491287e-02,5.268832624256908348e-02,6.417977547356219781e-02,3.367274466724844151e-02,1.059368324118499238e-01,3.503262963504226446e-02,1.219640943962656959e-02,-4.304048618463254122e-02,3.931209054145434062e-02,2.519886038396631622e-03
6.047721401149870613e-02,-5.680714542846721643e-02,5.463184516955433417e-02,1.239177105011628373e-02,-2.148048555584915892e-02,-2.539700230019293486e-02,-9.057296302437194135e-02,-4.116643588793881398e-02,8.505503263119444657e-02,6.389104137343111327e-03
-3.398119771309033449e-02,1.528499843123898860e-01,-2.604615623961349311e-02,3.419876034254910185e-02,1.532720279524628186e-02,-4.580059367551878036e-02,-1.481864382257294839e-02,-6.328633484254330387e-03,5.518375570172187605e-02,7.653857058712603377e-03
4.200575322285843294e-02,-2.517959689009391377e-02,-1.681535562992184929e-01,4.972577243928204965e-02,-5.881094306090452889e-02,5.198209594592786108e-03,-4.342780569965706827e-02,1.042836223912028265e-02,-1.244693707774931386e-02,-1.581161244204865868e-01
-1.810805796929722614e-02,-4.442259896857063406e-02,3.209082621357597920e-02,3.910295881626725881e-03,-7.392499314468546634e-02,-5.378553221741044083e-02,-1.763716487759901461e-02,3.275787039699021297e-02,7.958254702216245591e-02,-5.457665141708825662e-03
-4.310199672465463150e-02,-4.967295530006295146e-02,-2.517236690227049947e-02,-1.537176210235819962e-01,-1.575144753179208434e-02,-2.538477349913809480e-02,-6.157509331158229210e-02,1.295507564506648626e-02,-7.341959954168636449e-02,-2.020001767492411032e-02
-4.487254287151962867e-02,-6.917369796008626670e-02,1.769557453569535754e-01,-5.591475642730173818e-04,-1.254396274881727502e-01,-7.484392872950744457e-02,-6.356694386246794504e-02,2.184609420961312887e-02,-1.238659799676096462e-01,3.511074706989546906e-02
3.590790046983043712e-03,-2.338036869352217752e-03,2.754033730036905409e-03,-8.745962938350362870e-02,-7.125017750849423070e-02,-4.887428490815361876e-02,2.197386908064307906e-02,2.668723112994236379e-03,8.265598793591175109e-02,-3.786176275277057524e-02
-1.290234136034176249e-01,-3.067709252685264440e-02,-3.642488792359657029e-02,4.481103671262774008e-02,1.019888082851331569e-02,-9.437797792095538318e-02,-5.686506957625775405e-02,3.950199146988475629e-02,6.658504898411193862e-02,-5.008282654613081808e-02
-5.709502560200600818e-02,-3.575709707525170228e-02,1.568136880808702338e-01,-4.921006799064939208e-02,-2.782689118771826398e-02,3.832195536915536816e-03,-3.203065868561887769e-02,-5.379552561834585050e-02,-1.237861430259299678e-01,-5.134986945912158041e-02
-6.856993985393547431e-02,-5.109979791401515065e-02,-2.196615890228606136e-02,1.477860756757626943e-03,9.838229785220418966e-02,4.592019445592930571e-02,1.913435171851532446e-02,-3.885907533989324536e-02,-5.360179785167042826e-02,6.607684904409188119e-03
9.961958223929937017e-03,-1.613459379860785470e-01,-9.635091374201614281e-03,2.190500912607731138e-02,-7.630946521313759952e-03,-3.252498350839595764e-02,-5.471518427107996407e-02,7.304197655805788614e-02,4.077692736462209394e-02,-6.195982598184727325e-02
-1.049082902692679009e-01,-1.429236847553212383e-02,-1.636619026804739599e-02,5.504196962251128172e-02,-1.893690278188630283e-01,2.199710501855195455e-02,-3.078725879380297958e-02,-7.681826327338216534e-03,7.239948732846275548e-02,7.844332831641695480e-02
-5.611286338126652597e-03,-6.546465045449395559e-02,6.313538619371979188e-02,1.728111970809277989e-02,-5.816219839634767519e-02,7.092822095434771212e-02,-2.503687371952408383e-02,-2.196527087191185376e-02,-6.936239762888571185e-03,1.053242478551514733e-01
-1.544838154794259122e-01,-8.414608703148618307e-02,3.868352226255824394e-02,1.896470058084256255e-02,8.663204821152671598e-02,1.418241799000485859e-01,7.107728415359258756e-02,8.964590492916890696e-02,-3.883774365955408765e-03,-4.961308298489371452e-03
-7.453079000086944295e-02,-4.351053718002974996e-02,8.194112251066570929e-02,-4.568171933364562065e-03,7.063721633366024794e-03,8.955911368820665408e-02,-1.647139183414735725e-02,-4.839765039262259455e-02,-1.322589323626544543e-02,-3.344216697428870066e-02
2.671757965007946767e-02,6.206750105755346608e-02,2.819208206672628447e-02,5.722144099831089070e-02,8.958643389029910531e-02,8.180112646848995694e-02,-5.778819300414053152e-03,3.315404885739093449e-02,1.716528034907371242e-02,1.180064679506400566e-02
-1.440847915963601282e-02,3.752104702750337639e-02,-5.623945708543428429e-02,4.882121627693141071e-03,4.482246711590511662e-02,-4.511289115095686031e-02,-3.982048673150021152e-03,6.836883841563250706e-03,6.638060323173529051e-03,2.244407903534034049e-02
2.488256060492590252e-02,6.906785545436545937e-02,7.636448280298135938e-03,-5.769885840563621082e-02,5.757635285413147119e-02,-1.070852316113718970e-02,4.694099352011325138e-02,-7.887421507465989731e-03,-7.138108553051202010e-02,-3.708975665964486107e-02
-4.392379604787306074e-02,4.807560389209785540e-02,-6.919912271971448425e-02,-3.510477725477379601e-02,5.048763552085814427e-02,4.506177973035435658e-02,7.478842901609841776e-02,2.912765818252394112e-01,5.356063246838932423e-02,-2.939380632192602205e-02
6.475491062766931816e-02,-3.576082644513134661e-03,6.267929552878470645e-02,-3.785748401227738424e-02,-3.610332118752183819e-03,6.749829834606872921e-03,-8.165110748365919657e-02,6.718446971017123792e-02,-8.515113152567871033e-03,8.722551391414308519e-02
-5.454566020669700428e-03,-1.091907806484410520e-01,-1.741065607793880476e-01,-9.208808861591695483e-02,-1.527428633953250431e-02,6.771991876172697711e-02,1.231604168212923310e-02,2.453018517498281245e-02,4.654788616663984441e-02,-5.554366042848373625e-02
1.894349032428673668e-02,-7.820882077816981859e-02,-5.940906754248585775e-02,-6.126161036452831138e-02,1.307057605611410545e-01,-4.211582415894826736e-02,5.612528663542780405e-02,-1.816860772811666747e-02,5.361355048457405043e-02,-3.562377697031798851e-02
1.938208125990516489e-03,1.490350199089290201e-02,6.926799615551297584e-02,7.025585015864016514e-02,4.509235277017903734e-03,4.027893647391810050e-02,7.436886010470837582e-02,2.554302692730941668e-02,-1.440949528106814370e-01,-7.340802898224495221e-02
-3.393262192717837883e-02,-7.511748484374568269e-02,1.704275947416912518e-02,-1.839869559935601237e-02,-2.727365168029187437e-02,6.265008338987579362e-02,1.560628706847385630e-03,1.544187193197693077e-02,1.398121312652827151e-02,3.748934166516446065e-02
-1.005032902376429282e-02,-1.361784448112000057e-01,3.015509708544668321e-02,7.037546115222280407e-02,3.776161825333303884e-02,6.379792642280869563e-02,-1.209245209095656803e-01,1.317686878522200851e-02,-3.717367905037242959e-02,4.237698574030761972e-02
4.647766370294585669e-02,-5.709487690711178426e-03,6.655246046190629872e-02,-1.570339672667139808e-02,5.846026463040955579e-02,7.039089457876944456e-02,1.826412433664530502e-02,-3.194916684733715984e-02,-4.010021577968044849e-03,-8.413819119683199621e-02
6.205486344915767116e-02,-2.046752788294219170e-03,-2.775841115516104415e-04,-1.555873480049091151e-01,-7.343513057853795489e-02,5.736622644488074962e-02,1.140519656548726057e-02,-2.341845010823008152e-02,5.967587073922386853e-02,-5.230251118452639708e-02
-2.236256003562496486e-02,-1.075883469328875464e-02,4.117089562981769701e-02,1.830435781630875003e-02,4.389520882393871393e-02,1.718995724555815591e-02,7.945304151441519303e-02,5.137190412205924761e-02,-5.731492375936200062e-02,-2.345165553805692027e-02
4.498233477688505511e-02,-5.032595241100225325e-02,-5.169800713184731543e-04,-6.094044878562494827e-02,6.808221284126618651e-03,-4.767863003245352560e-03,-2.521636033238905741e-02,7.768793276253901925e-02,-5.372875631755381909e-02,-1.075539389826958743e-02
-1.477497557402617824e-02,1.075039411601182854e-01,5.992225814923533150e-02,-7.858576139064608890e-02,-1.409098563595489084e-04,-8.503324240564930081e-02,7.728865131990380125e-03,-5.910066106738816327e-02,-4.292425413516582494e-02,5.873603471689249622e-02
-4.958185012815660014e-02,2.848374739432805308e-02,-1.099818891722266628e-01,-6.248406633664699977e-02,2.687235798030030570e-02,-5.899073120033035411e-02,3.584597016300506561e-02,-2.709448261528751498e-02,1.283662874032661105e-01,-8.006047834813066755e-02
8.245504753611174187e-02,1.610133837429550963e-01,3.939523782943438884e-02,-1.066768163862534492e-03,3.499766488276517123e-02,-3.242424740703701846e-02,-2.095380226826516409e-02,3.607640323551080525e-02,7.287585839056899550e-02,7.443778120424691946e-02
-9.876403645560562217e-02,1.572793529420944136e-01,-2.235504458776350553e-02,-7.857016353301972400e-02,-4.708349148640032789e-02,-5.493917378609322610e-02,5.860476035474560669e-02,-1.184361156774627402e-02,-4.726125910252929052e-02,-2.575869636577545266e-02
-2.361212413865325724e-02,5.312147526652435947e-02,1.056840306629059367e-01,3.251388910504419277e-02,5.637779845399893547e-02,-5.643365202241222567e-02,1.623204311761342056e-01,-1.035675977670387909e-01,1.604721962614102382e-01,-3.049960052350770418e-02
-1.015720748054606687e-01,4.416039294777412277e-02,-2.229542403956389848e-02,5.023845819748736646e-02,-9.408189796890117917e-02,-6.611470367327450942e-03,-7.439557957292532858e-03,-3.712453900114324329e-02,1.317051456718845159e-01,4.399109352921836552e-02
-5.874407262975698402e-02,-5.039621050050789586e-02,4.437952206170246716e-02,8.397803677873130757e-02,-3.228181207494974087e-02,-1.840934883596219082e-02,3.474550969527744060e-02,2.643633871372457270e-02,6.980405580063410442e-02,7.504990411545529871e-02
-1.797594613268880537e-01,1.424762473655928341e-01,-2.310896111129696895e-02,-1.936252510509003932e-02,-1.125699062040731897e-02,7.370350411355119924e-02,-9.361343058299961828e-02,2.130505533272770285e-02,-2.439250078051231896e-02,-2.659500318350241366e-02
2.333561874040684589e-02,1.946130444180473940e-04,2.190254623033777159e-02,3.871394384566388680e-02,2.777843224251422966e-02,8.586679805054769909e-02,-1.167687685812320887e-02,4.223365063650660195e-02,1.205976779414120841e-02,6.450482310708831324e-02
-7.309803465988079854e-03,8.399800028025873611e-02,-9.104690282050818817e-02,-7.121130811772936886e-02,7.897787286728780165e-02,4.790321632997882745e-02,1.298747428752175352e-02,-2.597149126619232445e-02,-7.872735739711340941e-02,3.832971448136467812e-02
3.992976494692615508e-02,6.563705498956522166e-02,-4.377757838971144816e-02,1.155112798807564345e-02,-1.446721307369381454e-02,1.918474941762399882e-02,-3.118369833750130396e-02,2.924258527079950584e-02,3.779541348563144471e-02,6.859217642091980198e-03
4.005359872177257502e-02,6.026214410816421035e-02,3.678877253295124994e-02,-4.144296956997783540e-03,-9.133710731028142626e-02,-6.633145210830627969e-02,2.604904981965123004e-02,-2.008618283816588496e-02,4.190909239317589657e-02,2.433820720009011174e-02
3.240508566370383509e-02,-5.285707926242898952e-03,1.073088205486311814e-01,1.518804012664505716e-02,3.904608639267388714e-02,2.271397410069077999e-02,9.479361726270278676e-02,2.439258066524341295e-02,-1.553027861500185826e-02,1.186669278344326534e-01
2.557047129775364205e-02,1.043124379438699345e-01,3.830435165059230262e-02,2.185741089290948319e-02,-7.960284733235074850e-02,2.523092564247761058e-02,3.353737032797830808e-02,2.698724792468641318e-02,-1.117322744392399217e-02,-5.935528709365055222e-02
-1.022948057407791281e-03,-3.482045026533672760e-02,1.211487377793385098e-02,-2.274798388413301273e-02,-1.501432815769647433e-02,-7.903791473961811753e-02,3.788610232398299804e-02,-1.369345180968421262e-02,-2.851207751784664429e-02,-2.417183966615774754e-02
5.003886209297861432e-02,-3.687325437027263314e-02,4.519501636127932001e-03,-1.390702196247517106e-02,-1.329039862291169632e-02,2.048027726129423090e-02,6.796060288135044591e-02,-1.273017012952995519e-02,3.801731924159782155e-03,-7.106049738934715199e-02
1.152248625905675922e-01,-1.093153958642187201e-01,-7.748785112560371835e-02,-6.907033455758737617e-02,3.709745498840005123e-02,1.117773104717987159e-01,9.201453658356448240e-02,-4.673541047470615439e-02,3.561364462514762103e-02,-2.878514021480923016e-02
2.339900161930361100e-02,-1.231323940833461451e-02,2.920571889251727653e-03,-5.537935105739506120e-02,-6.235380355001322178e-02,-3.701701963957059610e-02,4.037758400832275330e-02,3.292510244115341711e-02,8.616381855476812346e-02,4.396977081330104287e-02
1.026248341552866844e-01,3.409822458174250996e-03,-6.136609146253826225e-03,-1.175155261299279212e-02,3.643524950170086429e-02,2.329443454123988899e-02,-4.990626724930712771e-02,1.552200781713195324e-02,-3.734935294400720807e-02,5.581295615055254650e-02
-3.594329932850636594e-02,8.102211585497737234e-02,5.241004211742268963e-05,4.427797418580727701e-02,5.476075176734865324e-02,2.654048457705860189e-02,-9.596435858247483880e-03,6.248566897248700874e-02,1.441848716714081748e-02,-3.770343353582888968e-02
7.279203844288269221e-02,-3.520583430034927158e-02,7.814833099577314646e-02,-5.749015879554515707e-02,2.441090737247990639e-01,-3.636292870654493636e-02,-2.449204724562644916e-02,5.099237282750426759e-02,4.252830744768718030e-02,7.710721850430812818e-02
-4.446996745383090949e-02,4.358499789750994169e-02,4.769096850034060947e-02,7.399577422620128020e-02,3.027052857382134948e-02,4.006230386468850879e-02,-6.892683645139717485e-02,4.072674424169437507e-02,2.583538835846759668e-02,-5.478388279013809287e-02
-5.145959211805213596e-02,-6.883003518952159061e-02,5.210380367287823639e-02,5.547853878226404606e-02,8.808198303613964941e-02,-3.462654299990230999e-02,2.004697709911339512e-03,1.219098175847593002e-01,-6.794678297712265780e-02,2.246288225726316215e-02
-3.559231637750952248e-02,6.383730099598411423e-02,-1.558741768296031116e-01,4.237246832358370664e-03,-8.098496074217578777e-02,4.447792612962840619e-02,-2.418059045770001858e-02,5.747163189942074146e-02,6.868997318726755008e-02,5.498510965004559103e-02
1.068478409307026533e-01,3.533433822248782663e-02,2.787507705075859682e-02,2.035721895150663374e-02,5.282630785895591624e-02,7.468995258122157477e-02,2.337576467809324848e-02,-2.796312992694712472e-03,-1.549845184886163366e-02,8.303794998417901585e-02
1.962773268736931614e-02,2.150661591430104436e-02,-8.227458649334780383e-03,-5.237521685261959520e-02,8.828545729076513193e-02,6.485634521882294168e-02,7.149520699622767539e-02,5.037823327369522070e-02,-2.749126237167216422e-02,-6.042582971735399600e-02
3.486168260453945730e-03,3.740371980868360813e-02,-9.828141015438135453e-02,1.037918745100434442e-01,2.038276245838618536e-02,-5.200036641781913965e-02,8.585045369428292994e-03,5.957747227082440394e-02,-1.267891332333455356e-01,-1.278438012856922823e-01
-5.539040125124308767e-02,-2.632049978472960662e-03,2.731814444499253494e-02,-2.401167665790790093e-02,-4.598625722887938333e-02,-8.856128169707350173e-02,6.744675308600434072e-02,7.962547084327107521e-04,-3.081901089257757173e-02,-7.681412265207749300e-03
-1.106537109108918643e-01,1.064382646405747507e-03,5.920746803257386642e-02,-5.425942289241975428e-03,-7.884221555615661403e-02,3.808903499185121999e-02,-2.695398339679864856e-03,1.018617870518413876e-01,-1.361695598321263113e-02,4.267445526031767022e-02
-7.062167019202055147e-03,-1.147431716968182365e-02,1.718351494044073335e-01,-1.129210551231794590e-01,-1.185125325882014496e-01,4.635860420407052207e-02,9.967774233916044946e-02,2.509216835979082710e-02,-2.287080309981853396e-02,-8.950463294476683485e-02
-7.266649857281537450e-02,3.603355866695000242e-02,2.878311937647101346e-02,-9.753118889684957160e-02,-8.074028133288652098e-02,4.804763021998101347e-03,-6.965182746549340026e-03,-3.783188413044755866e-02,7.791538472841733065e-02,-9.324696697524610667e-02
4.324686112075025457e-02,-1.354861747082239942e-01,-3.459674908253834030e-02,9.803851727028316254e-02,7.752245278908643199e-03,7.271882258209583227e-02,7.928031601731836547e-03,-1.324726195987968938e-02,-2.836553609262642064e-02,4.364035339754713388e-02
-3.008487870332049799e-02,5.613093153547092651e-02,3.169298450393441546e-02,-4.993895276406706829e-02,6.024679790714244226e-02,-9.659281058204600978e-02,3.286479132927928870e-02,3.570820989810458146e-02,-1.309265004308903246e-01,-2.394806403911118112e-02
-2.143086500365748610e-03,-5.315754751338606574e-03,-1.898146581888291926e-02,2.657391079929913996e-02,-1.528116569751400144e-01,1.149161171867558034e-01,1.238549107320824350e-02,1.942719790105272223e-02,1.017048581150022113e-01,1.343055722663717699e-01
-3.293946792001971324e-02,-1.008572911343551303e-03,4.008086819884389140e-02,-1.959446999285441304e-02,4.472678759710029678e-02,-5.113772206922507363e-02,9.356185200883304631e-02,-5.863334018257114998e-03,1.725644879189649483e-01,-2.077396320414675104e-02
3.427094984739208205e-02,1.859905504912704247e-02,3.030567309984099830e-02,-5.140895054193393710e-02,9.785147113986519818e-02,1.157917915450700497e-01,1.373940332417952492e-01,-3.963586106692645883e-02,-2.406354184288466563e-02,6.621646437127760333e-03
8.352289651013002081e-02,6.270069196693062175e-02,6.279239676310324758e-02,-1.713210819915749958e-02,-8.980248670013176587e-03,6.297396335094779252e-02,5.839169494324214504e-02,2.802860454840676654e-02,-2.701465684642836984e-02,-5.983664482024433906e-04
5.486098410588940988e-02,-5.223441663086743174e-03,4.975565131218876412e-03,4.341156256428266302e-02,-1.413416331223365033e-02,-6.780216790788569543e-03,-3.769576452208240475e-02,1.200978990298711552e-02,-4.631603672333206578e-02,1.149612204378866465e-01
-6.907280364895171387e-02,-3.522142912667419745e-02,1.484089880295000503e-02,-4.010428812182668945e-02,8.994768123088603407e-02,3.591684906354343076e-03,-4.534706966590902610e-02,-7.663396354151479073e-02,-1.470180812007587656e-02,-4.843836183538427487e-02
-5.297807697881151690e-02,-3.051220865270175275e-02,1.005081075323059972e-02,1.642658170886641261e-02,-1.295697191561088514e-02,-5.498301278463579161e-03,-1.883052170280756499e-02,4.703315316849113192e-01,4.302885639421651781e-02,6.818661103871544345e-03
3.063154929084519959e-02,-7.283115599470089963e-02,-1.414342345249248178e-01,-7.052312197312349262e-02,-2.327114971415427183e-02,1.135911627056887183e-02,-3.498549405767988063e-02,1.551822155937454886e-02,4.726190822957554438e-02,5.208563250075851775e-02
2.464751050915833016e-03,5.747268690194106550e-02,-2.219182237161480553e-01,8.262858277705992238e-02,-1.011734736199969287e-01,-3.233675467839242784e-02,-3.283365643541417966e-03,7.215685061911713931e-03,1.607218295312163713e-03,1.609514582583111003e-02
-2.089765948027532544e-02,2.165698225402064997e-02,-1.348899875299881465e-02,1.247373529912172534e-02,-8.972063377404088103e-02,-2.461137239354752732e-02,3.733114821923271247e-03,-9.471748054977923575e-03,-1.039536721576506118e-02,9.213383186964101438e-04
-4.392029976454042695e-02,2.942997602570628785e-02,5.294505465958530832e-02,2.265433370930048165e-02,-2.548821292612200515e-02,-1.138323399855038776e-02,1.267895074931057742e-01,-8.185283116785113666e-02,-4.071139137501451205e-02,-5.694764486797323361e-02
2.065007310551741915e-02,1.913599785212785273e-02,6.430103521574703947e-03,9.915778440639884395e-02,5.573178292894587216e-02,1.972341692293518370e-03,-9.019667166000567768e-03,2.924155198825587835e-03,3.823382098948014882e-03,9.501826939373023140e-02
1.259059095954263574e-01,8.303682761944203294e-02,6.585664752762643293e-02,5.815475696978944509e-02,6.257633511444023189e-02,6.835154597575515689e-02,5.689569906011437105e-03,3.438175906063365567e-02,-6.626534217263276016e-02,4.448048892058788228e-02
3.785900293490630786e-02,5.079995698946884741e-02,-5.050984070184520724e-02,3.320032746661679551e-02,5.675925162479403480e-04,-1.109065244317678500e-01,-7.282407953334003869e-02,-1.294180242730041952e-01,-6.457898577912553860e-03,3.424506456164484562e-03
-4.076842631331702160e-02,-6.200318501159965412e-02,-4.256756794639573321e-02,3.114220727311577119e-02,1.400625792313987261e-01,5.969503240345595124e-02,-4.907434971610578206e-02,5.292641457656029058e-02,1.578176891614785915e-01,2.820499395030915540e-02
9.221318794718692813e-03,1.192192538147653080e-02,6.717937078570102027e-02,4.631937313054098476e-02,-1.588729232951059320e-02,6.025340357642518241e-02,4.572884115125767576e-03,-1.858775359392331877e-03,5.607352875834483580e-02,8.198058556677545461e-02
-1.974441124790570629e-02,3.022231936796935040e-02,1.458314104670170412e-02,2.253892392230599090e-02,9.980522588754080562e-03,6.452940624675046477e-02,-3.744002412919802958e-02,4.522959208453399688e-02,-6.556682277269487713e-02,-7.709695166002715483e-02
-2.118255345513807633e-02,1.836169271138776270e-03,-7.906628270886700838e-03,-1.780819984865984196e-01,6.989428011707954358e-02,8.425950799531126134e-02,-7.137774788930456278e-04,-3.828335443887757872e-02,-3.258044769309070832e-02,-3.961830979521518969e-02
7.679505881466766604e-02,5.231681957304274572e-02,-1.095388670765062439e-01,4.449511701011482634e-02,-3.879315885160826427e-02,5.231038290396351070e-02,9.349862850565333894e-02,1.899553085096511440e-02,9.142498418891235878e-02,-3.247689463724704600e-02
-6.243318184997834197e-03,-2.493335966218998279e-01,3.893646436699099017e-02,-3.042581915863934450e-02,5.463396552616606866e-02,-1.428530158839387554e-01,2.026139427476457769e-02,7.422393283166030253e-02,-7.428384072789362760e-03,9.789644711203067395e-02
-1.331430057749163204e-02,2.218012783765285767e-02,-8.532102983760093962e-02,8.685099191922768247e-02,-8.411283204986372275e-02,-3.185710630969729174e-02,-6.625135826149711193e-02,1.089888831123279056e-01,-5.587700478182945629e-02,-4.105342798028852741e-02
4.306516324275907331e-02,4.101292613612480403e-02,-1.092469251818882214e-01,1.564981380285639448e-02,-9.947696243172170563e-03,-6.858350634689640291e-02,-6.515604672104867434e-02,6.865571829660920000e-02,-4.110872886858722014e-02,-6.256445953649493463e-02
-2.719590112226442577e-02,-2.400833132851178196e-03,7.734977063918266338e-02,7.035183051521559650e-02,4.146050244351507513e-02,1.156581197141978712e-01,-1.489373576039625668e-01,-1.080826536695715656e-01,1.235421458600053923e-01,-3.757584786473770755e-02
-2.995494922726157656e-03,-1.643768465888676908e-02,-3.341573262738837397e-02,8.010510051744587634e-02,-4.944051101602858073e-02,3.552507771501865058e-02,1.221317834571258691e-02,-6.835349881171375042e-02,8.062874726093778588e-02,7.110691265985134846e-02
1.041427658774474047e-01,2.203270463278384633e-02,7.247297556159883192e-02,-2.890019052108145844e-02,8.865182415038024011e-02,2.653906734255277386e-02,-8.180555019368675185e-02,-3.292742084559818067e-02,-2.069258272787048714e-02,3.667501058958848315e-03
2.470484648754590201e-02,-5.052701853183803882e-02,-1.650492844444171117e-02,1.351684924046551300e-02,2.979842926921952295e-02,-1.355892367043337043e-01,9.032861734057064801e-03,-5.096594372028659045e-03,2.821071505748548158e-03,-1.208786239034556897e-01
-4.668313902427526779e-02,7.737887445731730929e-02,-7.465794905553143311e-03,9.506248704883715761e-02,6.279396265556368151e-02,1.201402406015330236e-02,-1.210792717527476442e-01,1.385311405405614468e-02,-2.314627846788437637e-02,-4.134675813185483689e-02
1.084137051783894135e-02,1.191656339715846252e-01,1.496821437479841678e-02,6.832146169235207844e-02,-5.113787837724757118e-02,-2.589393146893318245e-02,1.241406700577979833e-01,7.165842609822678511e-02,1.444072006630979857e-02,-7.744961010740326890e-02
8.487888422739826855e-02,-3.652848040800679989e-04,-8.426030124487507433e-02,2.490624350825248329e-02,2.154401589708252254e-02,9.320931796204953712e-03,-1.044841545340143979e-01,9.959381539895758098e-03,1.512029331026188139e-01,2.380524299037563990e-02
5.304194929364047795e-02,1.917347920721145654e-02,3.721978201247550661e-02,2.957282030270385817e-02,-2.277269864257916096e-02,-5.569807586634573093e-02,8.323194885611476246e-02,4.323915352232735043e-02,1.820689358093617247e-02,-1.696203984858147759e-02
-1.285038248841510831e-03,-4.943191663766144904e-03,-8.235339390036704177e-02,8.432202197400219187e-03,5.962824491593169546e-02,-6.067276517991670309e-02,6.178566597969233076e-02,1.654284797603475243e-02,-6.570074952202976937e-02,7.236936236948826248e-03
3.632415604104234641e-02,-3.800851872605006971e-03,3.151832424317168452e-02,-2.659160209668742780e-02,1.426591999018290285e-02,6.922148685020038106e-02,-2.914721220767036054e-03,-4.614494379606692148e-02,1.322863597646178890e-01,1.234194548081623682e-01
-9.547488387170855947e-03,-4.097015339815356094e-02,-7.866914567858108998e-02,-7.906125589164894607e-02,1.038019172999531947e-01,8.196322430289632033e-02,-5.302488399785921982e-04,-3.755349876315636215e-02,8.812666358305325243e-02,-6.994739775317153178e-03
-1.054399980495400735e-01,6.386545030535760448e-02,-6.994751673462623782e-03,-1.086789953396271984e-02,2.300682343371219726e-02,2.280287061602519552e-02,-8.408745575631981772e-03,-2.814179974156510652e-02,2.513727695593485217e-02,4.234287055788171078e-02
5.587102308735997745e-03,-6.449418604935287791e-02,-4.515725519265159638e-02,-3.334802902068856323e-02,8.967519879832183682e-02,-3.413590270353904221e-02,5.044725303578644071e-02,5.195556040461329211e-03,-1.836662012762982701e-02,-3.645748317764384988e-02
-3.247596737558786778e-02,1.656121765663503068e-02,5.739615068179290333e-03,1.275482189557153485e-02,5.153156341662692291e-02,9.999161221931847365e-02,-1.337759164271597745e-01,-4.373507407506884576e-03,1.022796224837842390e-02,-6.449368660387080898e-02
-2.445145407774259802e-02,-5.106163630782666746e-02,9.693991036886650745e-03,7.029638944491677088e-02,-4.769976619184911060e-02,6.864274397660355409e-02,3.191659664869753166e-02,-2.886252596956026192e-02,-8.382083504762433135e-02,-6.747600699379077693e-02
2.363686154404011364e-02,2.607589943380422479e-02,2.089041259692051358e-02,-8.637799689047308271e-02,5.755819576703375545e-02,-1.454886417920039747e-02,-4.524111500783456474e-02,1.624634602150311080e-01,1.717742229408525736e-02,1.496725039786944191e-02
2.301682373793684580e-03,1.197966604821004283e-01,1.098318134712372579e-01,-4.824647738269850772e-02,-1.770718834429996918e-02,-1.027079581905261940e-01,-2.749643546769737004e-02,-3.313783125004231972e-02,4.137378805343258636e-02,2.693645143185636331e-02
-1.449508201590002654e-01,-2.109568421728496776e-02,4.627700821677015880e-02,1.059663927584431897e-01,-4.299756192322099629e-02,-5.281282968612099199e-02,-2.646713179914094230e-02,5.256393718479365762e-02,1.659987455223672914e-02,-3.260257456592258879e-02
-8.421965395817866684e-02,-9.154791189812597207e-02,7.196024023548414084e-02,-1.343919845201133577e-02,-3.374156264231080275e-03,6.907150553538964066e-02,3.828332015718526743e-02,3.214476792867235200e-02,3.872207217963477555e-02,3.434013179443644922e-03
3.830152075530939004e-02,2.209980232339786230e-02,3.773145513123216978e-03,4.581714694075415817e-02,-4.047669524413064629e-02,5.891300190579638191e-02,8.578695401789583272e-03,2.314311524878762474e-02,1.281606769909977017e-01,-3.419447125793551034e-02
1.058450700705310110e-01,-5.848495996943943454e-02,-6.638253290425996656e-02,-2.286280170710403847e-01,-7.940591997253546030e-02,8.603346655279224542e-02,-1.988964829147983528e-03,3.053512543161017011e-03,5.310274845257909743e-02,5.764717167539389758e-02
5.611929661069334913e-02,-2.100296570903376764e-02,-5.523391876583470805e-02,-5.112623089880409533e-02,-4.421564843764985014e-02,-4.504857744107784723e-02,-7.027101111498301744e-02,3.974464468477303426e-04,-2.950535325679659940e-02,2.282110506269579009e-01
-2.412441971266273983e-03,1.838866512695493246e-03,-6.471884571256167340e-02,-3.019418639216993328e-02,-1.075799767363665171e-01,-4.992416179348425215e-02,-3.112411681290567014e-02,-7.004981877131198631e-02,1.951828243124163198e-01,-1.016442348567676290e-01
8.479267556233378855e-02,-2.202532526622269157e-02,6.969299349865416826e-02,1.666023841155619620e-02,1.007575401443164265e-01,5.079602557976310717e-02,1.494656620622366802e-02,2.622742097476896475e-02,3.267612565502767824e-02,-1.471461900181908131e-02
-2.839471133118061721e-02,-1.625771009749013563e-02,-7.616937839458973181e-02,2.184860900374801899e-03,2.386971771837608294e-02,5.866372942017934744e-02,2.585112300496082011e-02,-3.411351669427625279e-03,-9.288545405306782021e-02,-3.707909639042810540e-02
-4.780688052276779731e-02,-3.962238825201625653e-02,1.284640552544677738e-01,-4.748667911606590381e-02,5.834800671631284325e-02,1.084972880558192528e-02,5.394120008382030651e-02,-3.843436169055246265e-02,6.596745687136874869e-02,1.722244248955340576e-02
1.538505304218415991e-02,2.866265767777263773e-02,-1.735895217966236959e-03,-6.048060009102356957e-03,-1.363975346244017221e-02,1.046653386802806757e-01,-9.260580076286634155e-02,-4.826106710221610835e-02,-4.854777518768529226e-02,-6.085988922203908885e-02
4.366742329910681258e-02,5.391829629087807607e-02,-4.031981395841710558e-02,-3.876797941474226239e-02,-4.924720687995385107e-03,5.549130584369488250e-02,6.228032026649479858e-02,-1.432610710391578335e-02,5.881118129750113714e-03,7.383578697291458270e-02
4.392048439835023743e-02,1.000239199501525983e-01,-1.219754115629369945e-01,9.688510640755480796e-03,-1.851873510406318963e-03,6.307273546308963738e-03,-8.867858066736891698e-02,-1.121772697631179816e-01,-1.366100927929714270e-01,3.677352560685207689e-02
-3.375006903637322447e-02,-6.965185449030465714e-02,1.874277100056236794e-02,8.977894442517493634e-02,2.500265279125020099e-02,-1.114355052061550763e-02,-3.065455924301868987e-02,6.206791330107204463e-02,9.821982721047116047e-03,-1.256436815279788656e-02
1.938976777600415202e-02,-2.316292064028317721e-02,4.056827821454549871e-02,-5.050228496087227209e-02,-3.490212696845123447e-02,-2.778388274040442113e-02,5.242635040052213286e-02,-4.234449954307951958e-02,-9.477943995473465943e-02,-8.471727139849247190e-02
-1.362154684020545382e-02,-9.784282096468635212e-03,-1.172702803686249129e-01,1.221951364817387142e-01,-3.159292519689038681e-02,1.211496662161937968e-03,3.177278287927952360e-02,5.935563685226715597e-02,9.927798800716602229e-03,1.315901405147319085e-03
-3.293423247349730465e-02,4.063514123065278295e-03,-1.200180445564969639e-01,-4.784637380873487528e-02,-6.467220355763129980e-02,-2.894080561152736000e-02,7.629031232564734144e-02,-1.924857002037365719e-02,-2.499050969150344581e-02,-8.499751845084618784e-02
7.359120098126582799e-02,-5.921406236026508646e-02,7.879564381173971566e-02,8.447476989790056456e-02,2.797064756784734332e-02,2.554025224600312699e-02,8.047859678182688048e-03,4.457291167044578201e-03,-1.476007623004907399e-02,3.666970302375036073e-02
-2.723038512062652544e-02,-1.891232716299374658e-02,5.047431013226640062e-02,1.037603694978729216e-02,3.312307631546488468e-02,7.761479309008363636e-02,-3.211773104926896050e-02,-2.400065694448535181e-01,5.291811244326234676e-02,-4.963291114055610326e-02
1.267046994677016314e-01,-3.025776048863849932e-02,-8.822265168701241486e-03,-3.501338765718865070e-02,-3.666897742832401358e-02,-5.035034971182512226e-02,-7.310574222772030228e-02,1.549403097853712941e-01,7.056659816097718418e-02,-3.041864168883516139e-03
-4.352120602188873366e-02,6.299370935585610343e-02,-3.073604141853105917e-02,-2.459791293309055576e-02,2.629923261892585032e-02,3.630896683789703455e-02,1.610115182728799610e-02,6.835155084631929813e-04,-6.954839761015089473e-03,2.729536157650627043e-02
7.340262414719378806e-03,-1.478671259967966750e-02,4.619464412694111038e-02,9.852602762357958247e-03,-9.038824541191800566e-02,2.573946818678886101e-03,-7.322231763654467318e-02,-1.084135538590682776e-02,1.166120300071642468e-01,8.753477051849867241e-03
2.596261010716471515e-02,5.031730684090569145e-02,3.590888129959803055e-02,1.091334832967867652e-01,8.501510977673942121e-03,-4.786596772923683990e-02,-6.301281790982949868e-04,1.104000429965660834e-01,-5.476595550657263611e-02,-5.591536664288064562e-02
-2.501176973983112312e-02,-5.436524558519931216e-02,5.059125004336336578e-02,8.359963773438677803e-02,-1.342811290842287758e-02,4.183795483694374186e-03,3.363304628103896965e-02,-3.058750716471177883e-02,2.819346241719961760e-02,-2.189956773039789580e-03
6.172808636827863821e-02,2.920202073133929682e-02,-5.930382171838385202e-02,9.614491687884210713e-02,-3.584863329803215232e-02,-1.583134419481088337e-02,8.330929266056461002e-02,6.600219221333443811e-03,-3.927985991237382957e-02,6.813538245168496155e-02
-1.788213040630242745e-03,-3.015544778337576892e-03,5.284583345427976836e-02,4.613838534763261418e-02,-2.273058563461122922e-02,-3.985955863565849439e-02,-6.696645547113941332e-02,-1.048684510296333389e-02,6.143933012803613064e-03,1.436041235040426758e-02
1.407246479826731143e-02,1.737802378213514423e-02,7.863877772722212625e-03,6.145609020828145426e-03,-3.304526284081223814e-02,5.544939931159327540e-02,3.659635015560128851e-02,-2.921587613292079763e-02,-2.616277782733217316e-02,-9.820644184566772183e-02
2.773090457135067924e-02,-8.349978858981225646e-03,-1.111336984149495360e-01,-1.570521838181434399e-02,6.765593543752300432e-03,7.514971874984470446e-02,-4.912748592574590900e-02,-9.000779855922413919e-02,-4.208044370467674961e-02,3.773104557586196006e-02
-3.732839683011871662e-02,-2.048819561759856675e-02,-5.602536142525066376e-03,-5.981784680098160834e-02,-1.437712640407205061e-02,2.067250092914213813e-02,1.271955656022636175e-02,-2.846899411297112645e-02,6.129793196093126506e-02,-7.645597871834890159e-04
-1.671254446056223142e-01,7.358237852141082114e-02,-9.144833729063913189e-03,1.299322609920269822e-02,1.627269507926618064e-02,2.341340888781806920e-02,-5.822836482789583296e-02,8.093274158687147751e-04,3.658026327930952171e-02,3.276324250915420289e-02
1.215069321997974509e-02,-8.369006566496310640e-02,2.043474845390919753e-02,3.411547186283988425e-02,1.510873656507280213e-02,1.020138073979401025e-03,-1.937449438813501276e-02,5.432527963997139248e-02,-1.307476915627875380e-02,-1.134974848449000207e-01
-1.390766471409072558e-01,1.735195834835354112e-02,-5.830587292147903014e-03,-7.475262077584846412e-03,-4.187714418573003014e-03,1.644591409293748308e-02,-7.689043564023201847e-03,1.873574542487973366e-02,-7.844461297983325310e-02,-6.378729635991438329e-02
-3.137607247129471123e-03,-8.083204903513951933e-02,-3.306768300374906232e-03,3.330688887945312815e-02,-4.399851813677516793e-02,1.140197266007201976e-01,7.897700897547382803e-02,3.498150548633462836e-02,-5.510101922067366792e-02,8.460198686178452276e-02
-2.173451327756668189e-02,-1.609468216862479373e-02,-5.718285926498531575e-03,9.565644864533904418e-03,2.518898428944868657e-03,8.917029356013435326e-02,3.737663920623185421e-02,-8.118143714624340146e-03,-1.145988173303097261e-02,-4.280202712103550744e-02
1.202079939657824982e-02,4.371655230836961337e-02,-1.452871876849440476e-02,-1.558880929016224527e-02,-1.160673554513582924e-03,7.309434711607606938e-02,-2.499150898370204252e-02,3.261805804126565594e-02,-4.465684149584672052e-02,1.204167370991152640e-03
7.951374364485723489e-03,1.786497243183901920e-02,1.621673759938115425e-02,-2.461404940276957012e-02,2.307804530180261951e-02,-7.832591091292562127e-04,1.043632776789031463e-01,-3.159128593753846720e-02,-3.479025093108770866e-02,-2.984846033501043633e-02
2.570836833497966087e-02,-5.220138080066709374e-02,-3.661500141887667065e-02,-1.078984404766417625e-02,2.162223529973501118e-02,-4.687708554874542993e-02,1.011342738924566748e-01,-1.032665786861813317e-01,4.375663516725609471e-03,3.436419869345393174e-02
-1.501335688911039777e-04,1.858705497325831768e-03,-1.123929402986268387e-02,4.121918807698488757e-02,1.277351534201547588e-02,4.361567445627136802e-02,4.990891921618166582e-02,-2.599455855252858633e-02,-3.574352160759077662e-02,-1.744464345091487067e-02
1.505906735808403007e-02,-7.686767657252331631e-02,2.292734559591706398e-02,7.993905582489148343e-02,-4.335542302321108987e-02,-3.223664138746375890e-02,-2.389592327002284522e-01,-3.800837513816503893e-02,-2.598423072824711244e-02,2.640279537303906465e-02
1.298393474949192244e-02,-1.654429309288834096e-02,-6.853766350390769202e-02,3.892709273669594378e-02,8.054319046129432627e-03,1.752095562600274048e-02,-3.631744142807166731e-02,8.286235955985616491e-03,8.214128766733594378e-03,-5.978264166639457589e-02
-3.642123246261912486e-03,-5.000307748804323077e-03,3.475364440179457698e-02,-2.430237756501832033e-02,-2.203474935414043503e-02,3.241876989130747233e-02,-4.230154111569617292e-02,-2.433332180264987168e-02,-4.646272581776906413e-02,4.818980199817624738e-02
-2.457535385679277332e-02,3.110827394382519387e-02,-5.661528987198460872e-03,3.470872342266091427e-05,-4.653560196536003085e-02,5.775261737941670553e-02,5.009690775971249732e-03,-4.053526636969981278e-02,-6.592424774696270529e-02,7.997564080141165987e-02
-5.228563309201688519e-02,2.666684080631133089e-02,7.158515526477746138e-02,1.213850017531205999e-02,-8.374367104343619431e-03,-1.847001786375339349e-02,2.516738965769414662e-03,-1.768505256037857312e-02,5.199900885386782995e-02,7.908746256757430773e-03
-1.769930884437138831e-03,-7.468749952697632810e-02,6.189734921187622224e-02,4.655214654741676034e-02,-3.435926714920867903e-02,4.007621947126456530e-02,-4.978015174586303878e-04,3.115259208456021972e-02,8.157246971867345223e-03,-6.449405274601667862e-03
-1.335300842640733780e-02,4.394717843408992020e-02,-1.050479092821839100e-02,2.372934644384476488e-02,-1.535715379458768050e-02,1.662752348523309151e-02,1.508846166933957428e-02,9.460321776483799835e-03,1.634361887819307108e-02,5.190140532024299647e-02
-1.969348037067415458e-01,6.476896413067325352e-03,-1.208243421689400715e-01,-2.141872942628747153e-02,3.712572914283013975e-02,2.043052656900833791e-02,-7.231174425629376123e-02,3.838015240419242417e-03,-4.238650389888788672e-02,-2.088352846359218737e-02
-3.240995202599444153e-02,4.760703741701657193e-02,-1.006815561530528987e-02,4.818996941303382159e-02,-2.230967654211755274e-02,1.162247893041136286e-02,-3.303339945444493109e-02,-3.385850686016941835e-02,3.648072757164744911e-02,-4.009219381455119552e-02
-5.124757034197972155e-02,1.125951635678031602e-02,3.294311951479565043e-02,8.299309271123741019e-03,4.545076548837562874e-02,-2.947582087756379920e-02,6.552010792791986005e-02,2.546517843193153371e-02,1.285749657162725823e-01,-2.381004506064415549e-01
2.427714186762939749e-02,-4.355722021286292239e-02,7.779692625196157896e-02,9.573563607255672347e-02,-4.486960243694455841e-02,3.688649652168567161e-02,5.870783094720113775e-03,-2.013761701043718239e-02,9.702040537398634807e-04,-1.066080166236697824e-02
1.737062869948306429e-02,-2.085966643978558882e-02,-7.917060078663207962e-03,1.830235187398777594e-02,-1.725588980227337269e-02,9.439754429896106414e-03,-3.114179697369437796e-02,-5.209245445073917326e-03,-1.154067404188471001e-02,-1.523836485617439777e-02
-2.848838498788167778e-02,4.182779412912229072e-02,-1.590222789578760870e-02,-6.108726119380353259e-02,-4.055138900620478687e-02,-8.268320064631342822e-03,4.422821041598490321e-02,-1.155545839524969864e-02,-2.446474232468389895e-02,-1.061327272213777734e-01
3.244096519849983679e-02,-6.177412822549484955e-02,5.080958833889493570e-02,-1.298179577669291707e-01,-3.326988647064223290e-03,-5.870952945402135165e-02,-2.226420611258990434e-02,3.682746010790725194e-02,-1.844475025772005557e-03,2.941418588920604801e-02
-1.616605126833164235e-02,-7.590629118054624883e-03,1.722505617753947171e-02,2.053313169245045422e-02,-8.592754907581575188e-03,-1.681710570312777014e-02,1.273538554980206683e-01,6.611324687022676616e-03,1.412895674415887495e-02,-4.259075736123654060e-02
-2.169037015519944666e-03,1.429453880465463358e-02,-8.371783509154502242e-03,4.697843124059622455e-02,3.220005880869006992e-02,5.788206551976184805e-02,3.706868775865149873e-02,-2.001848745808551284e-03,2.349353788530654866e-02,-3.053627111485785958e-02
4.876596658492106731e-03,-4.539113734610409484e-02,-5.117817880364935665e-03,-7.217941625611636047e-02,-1.736759106526505544e-02,9.919976086886049538e-02,-5.923551080420470794e-02,4.815978170807005271e-02,-3.646024520015551940e-02,-4.475533685306709586e-02
2.674148558262432265e-03,-4.850617389425297687e-02,-1.453842294356429317e-02,8.451457648034400860e-02,1.004297356004303782e-01,-2.664187135658224390e-02,-7.724397527675360905e-03,-1.678484165376365952e-02,3.310986071906855954e-02,-2.470322158431899687e-02
-4.555695525154252606e-02,-1.007246178681536243e-02,-9.637578062697112202e-03,7.874415903234190106e-02,3.422127815868628020e-02,3.180303776152588590e-03,-1.451909050906050914e-02,5.231428965564362613e-03,4.868357349615815011e-02,6.744186560641974790e-03
-3.778481503206315012e-02,1.636166605521394840e-02,8.206786806567738235e-02,-7.362040068175553995e-03,-1.127850473707495225e-03,-1.235060123104951141e-01,-2.689601990110459043e-02,3.162508843929532493e-02,1.474284862059896117e-01,-2.680236951461004158e-02
7.994875462865357052e-02,-5.469309912590985395e-02,-1.594078516611877050e-02,3.645675509014185273e-02,-7.080766781626024464e-02,2.504780754099167339e-02,1.013003930099048641e-02,7.805317152124875701e-02,9.819909501580241507e-02,3.763840859661986282e-02
-2.930250721760818342e-03,5.778524771106009761e-02,-1.385655864729610220e-01,1.669497212976652975e-02,-8.615493734117127267e-02,-3.000796119042818677e-02,3.744149853294646835e-02,3.390940095033533400e-03,7.016442380478867501e-03,7.690066481618709759e-02
-4.060733388633448043e-02,6.475863637498756320e-02,9.859266819158399309e-03,-5.917763146718547224e-02,2.947918061701864864e-02,-4.729115397618860461e-02,-8.321461377217558020e-02,7.183918207015912993e-02,3.709931041330348511e-02,-2.648239190315500053e-03
-8.528328773233379012e-02,-1.056392390508732217e-02,-4.327593453185477057e-02,-2.536701964770329831e-02,-6.446676256497381463e-02,-3.689314028798212908e-03,-2.399001091433539817e-02,-2.551711459708320626e-02,-3.022762723044116959e-02,-4.154446228501110228e-02
2.214242262691916777e-02,-8.800992845332867610e-04,-5.304169069698198673e-03,4.475729179055323165e-02,-3.216062003700521921e-02,5.967815668271880813e-02,6.596487519062595173e-02,1.292284004631181170e-02,-5.721032856530063049e-03,-3.613217244405712413e-03
6.589970968423572439e-02,1.596052141806897084e-01,1.842610458049697211e-02,-4.631607375701033563e-02,3.526020571641977353e-02,5.528106963776939498e-02,-4.298830901161110329e-02,3.128146436883719184e-02,1.827233103231734254e-02,-1.368629879962924602e-02
1.053301498810246643e-02,-5.758864498859028562e-03,7.940759851907950792e-03,-1.266651494566894964e-01,-7.950608688069948915e-02,-5.561660434704684963e-02,1.451145229539548519e-02,9.514262587850594310e-02,-3.433626501523856511e-02,-4.798609412343250030e-02
4.413781239800223383e-02,4.424059245924402695e-02,-8.420720845555326739e-02,-6.806781634266327596e-02,-4.701781880447209599e-02,2.523007778637787954e-02,4.014645845421008219e-02,-1.128968227534579288e-01,9.461987614061463658e-02,2.632357586857765608e-02
-8.250745007012277865e-02,-1.520204805541055734e-02,6.794179945757404526e-02,3.120858693305810232e-04,-4.331682991773481983e-02,-1.024231185164716507e-01,3.928282978218224780e-02,2.538744952128976773e-02,1.083494624596203527e-02,5.711639674779412507e-02
-5.186166728158174422e-02,-4.174360119556102394e-02,-1.289104139834762984e-02,4.646700448451605153e-02,-3.589039450266220954e-02,-7.038059198108850834e-02,-1.510367567657473417e-02,-2.601750279993537973e-02,-6.304567517753490759e-03,2.301852272056849336e-02
-1.303355205680627356e-02,-5.531825077606887520e-02,5.371598545494919719e-02,2.731820138075260682e-02,-2.524948768366065341e-02,2.997156196152337554e-02,2.632624388681645625e-02,3.244558288253810568e-02,-3.296613271891883634e-02,4.955460290802436024e-02
5.920719884575912501e-02,-1.300772743627089979e-02,-3.445357125176003871e-02,-1.154844904511184017e-02,1.448059113622311711e-02,-2.413743884310205756e-02,-9.547633156708693059e-02,7.285116564779778314e-02,5.082437615542274162e-02,-1.189377931629826551e-02
3.425799783331399256e-02,2.314644917393083798e-02,-4.209425294350498808e-02,1.154293979934581903e-02,2.760941913588244815e-03,4.904866339634630229e-02,5.777145223960923615e-02,3.868961448420175919e-02,-3.332583528638461551e-02,2.861649554969648152e-02
-2.444506599134122285e-02,-8.953935022406664737e-03,-7.828792184559547548e-03,-1.148602647472180688e-02,1.061093013316393406e-02,-3.118769545266380713e-02,-5.572650940999564900e-02,-2.184620208331999186e-02,-6.137797379214381815e-02,-6.028233681067445004e-02
-4.967484953662969216e-03,-4.984228143096192803e-02,-4.967803968745286569e-02,-7.290996048573110400e-02,-3.657800160551539625e-04,3.821449239967933398e-02,-3.873303062098879673e-02,3.170388998312485135e-02,8.273024844153186938e-03,-5.301255638115788538e-02
1.706502500016917126e-02,5.261717159567533969e-02,5.369084507905350773e-02,1.042650971250896983e-03,-2.293188373054598148e-02,6.261527728345865629e-02,5.886795067303892542e-02,-6.204966514388547509e-03,3.644062996587708186e-02,3.718367199708637327e-02
-7.081140056260436244e-02,-5.136353263314341611e-02,2.696573561098054590e-03,-1.153250692607649397e-01,-1.033349921968806789e-01,6.388440210592549739e-02,-5.675082167897173291e-02,-3.483331545640034471e-02,-2.633272831049750240e-02,-8.807878290861478887e-02
-8.079992239568115076e-02,-5.680321565185118826e-02,1.094827180404481098e-01,-2.609846558400519614e-02,-7.390890825760589034e-02,1.199498291599192523e-01,6.372589511768449178e-02,2.433359976290397353e-02,-5.659820436008533573e-02,5.440960732292415836e-02
-8.357223556426801592e-02,1.533669423960114762e-02,1.338333047945743873e-03,1.418654015900754593e-02,3.461511304480575923e-02,2.827566989381446322e-02,-2.601326079586533530e-02,-7.407991247388692052e-03,-9.175514946016176399e-02,9.798334575027725646e-02
-4.363303525033978419e-02,6.522804657670855377e-02,8.987838001044685943e-02,-1.004742178332371505e-01,1.984050959305362280e-02,-4.656466158494053376e-02,-1.085475314682481963e-02,2.816041847269070211e-02,-5.909677024677792434e-02,5.635124295261516314e-02
-4.435446125854297650e-02,8.957580687662446139e-02,-1.733734450588777024e-02,1.404344826202417670e-02,-3.392292254510714811e-02,1.361690492546976071e-02,3.551925396543854224e-02,-4.079372238280994101e-02,-9.247834749790614928e-02,-1.327974987643107700e-03
2.769016689368024049e-03,-6.204955622017688938e-02,-1.098888537441958385e-01,1.059002245725864239e-01,-4.601540814659723505e-02,-2.486080522400787099e-02,1.224755857047284818e-02,-5.299063765472021570e-02,-3.120635979967555790e-02,-5.606382852926434374e-03
-8.862561364426242358e-03,5.109960822335737896e-03,3.858146378183228975e-02,5.351012694113631979e-02,-3.217858640573542650e-02,-1.168662321150369839e-02,-2.088890262135171053e-02,-1.053393241242570749e-02,-3.617687294852694330e-02,1.175201712751568761e-01
-5.306426925002253984e-03,4.387622076938215224e-03,-6.919090929559991443e-02,1.084206364876380974e-01,-9.211879518046102444e-02,6.933094346113335971e-02,2.950683375372574815e-02,-6.522359886810370766e-02,2.427095810872827858e-02,-2.496468120062522722e-02
-5.250322508518188991e-02,1.597967592464101250e-01,1.005376913892329534e-02,6.088835519590980391e-03,1.039918342222496128e-01,-1.078346726228352898e-01,-9.755105729875254011e-03,-7.889355492681265902e-02,2.089839343464662894e-02,5.748848217400326886e-03
-8.718738284626114526e-03,-7.984070756434820393e-02,3.017559628686919057e-02,-7.946992074723518984e-02,3.534687664419090131e-02,-5.409450202390729545e-02,-6.115537051694976828e-02,4.019826079434451332e-02,6.034455155101152435e-02,-3.955606221144998547e-02
4.435659638041859060e-02,1.642262549994319767e-02,-5.998950897678854977e-02,-1.485465644258451151e-02,4.786579834701745056e-02,-1.032843707914575526e-01,-7.984360120418592874e-03,-6.667738315872634436e-02,-1.181670187782443877e-02,9.342485810916936750e-02
-1.419622373879356886e-02,1.462029807747313760e-02,6.948803397627861811e-02,1.933061328632695863e-02,-1.799258532890216436e-02,-1.270980797375229066e-02,7.396137583887948952e-02,-1.750084375222284508e-02,1.624742381707149422e-02,4.928078656114662226e-02
1.543981218792084970e-02,8.329021579373856177e-02,-3.077243178028966561e-02,2.766610260258986140e-02,-8.959664622065494077e-02,-6.782145403952331841e-02,5.221471733859180814e-02,-1.085147025429935436e-01,-8.622803510709139974e-03,7.445789595787544700e-03
6.823860301538360422e-03,2.134181032529899533e-03,1.721936961805030364e-02,-8.095412278553913710e-02,2.256564898211289166e-02,-2.252681735814345346e-02,4.645020042526030318e-02,3.125005541150837479e-02,-9.955486382434404480e-02,9.044955931758180689e-02
-1.673589259501260043e-02,9.131012852436985738e-02,6.030200954652809031e-02,-6.632092238621753455e-02,4.174123679472727111e-02,-6.561988644134925108e-02,6.143698408530579025e-02,-2.681560121859579912e-02,1.436980506616609421e-01,-4.212325392534337076e-02
3.076161874262077489e-02,-3.268437075828058581e-03,2.394925431539469962e-02,-1.347928239720488225e-02,1.924377351864141675e-02,3.192849809070022471e-02,-2.807822451775127473e-03,2.085695582806114043e-02,-4.719962741588047336e-04,4.353472042710485046e-02
-1.212929948549560516e-02,3.887062818749981163e-02,-6.742887377721602793e-02,-2.374671352191848328e-02,-4.923259413610912155e-02,-5.695873064404061679e-03,-3.358952827905864469e-02,-1.746894504187379571e-02,-7.942151797975037508e-02,-6.673978307050951186e-02
-2.000664768589014916e-02,6.624806465144787715e-03,1.342483473378582037e-02,-5.592181808264890669e-02,-1.599395469701888131e-02,5.560254588314347823e-02,-3.494574463934969205e-02,2.541084401678097779e-02,-5.283419794731161745e-02,3.945851913408422729e-02
-1.185785488945473587e-01,-3.365530600952580664e-02,-3.231255606684633325e-02,4.621747596541259800e-02,-3.914545301554708812e-02,4.570841390795931519e-02,1.473401969043010122e-02,4.892819508185778515e-02,4.463519062092400659e-03,7.681042801681807475e-02
3.673078728134819559e-02,1.007905201804128043e-01,-7.578435837832596389e-02,3.003277664739202601e-02,4.035894726172162966e-02,-2.678122923590478197e-02,1.344607200185095330e-02,1.011890516489786923e-01,3.458302803271688652e-03,4.229396045190485925e-02
3.242573076185559233e-02,-4.129650173875056701e-02,-4.149507238728849384e-02,-5.117593899554803011e-02,2.456886287513317807e-02,5.395520469752691783e-02,-8.608916135075311837e-02,-4.166743987347502898e-02,-5.306886008233242108e-02,-3.258751516910164681e-02
-1.474718282219217025e-01,1.221968068777896932e-02,2.226978388807691889e-02,6.252435466177749812e-03,2.000733030997110806e-02,-2.657305000631653147e-02,-3.989431249460558861e-03,6.681969435019168013e-02,2.085778391519036573e-02,1.327586967130203743e-01
-1.885901098501277171e-02,-2.906953326304226575e-03,1.877078906735816718e-02,-5.696725972780620345e-02,-4.280426792297709580e-03,2.316705018205570538e-02,-3.087779904195808375e-02,-1.878541500265975411e-02,1.094449658088901822e-01,-6.739392973119577405e-03
-5.557551154992217135e-02,1.301876446305324717e-02,6.728589542510654553e-02,4.714306013392592642e-02,-4.240442702917560092e-02,2.426715266529676923e-02,1.362058922930192966e-03,-3.868563860821179479e-02,4.493456360579069220e-02,1.343044739623005732e-02
2.922873237702777391e-02,5.931676604377297130e-02,4.117881279882444623e-02,-2.162929903996534814e-03,-1.287693529064654627e-03,-6.167570215053213775e-03,-1.445910975416197022e-02,-1.512074738656151579e-02,-1.302104614018135056e-02,-1.476204478302584576e-02
8.148268464583272030e-02,-1.706197895623906211e-02,3.256785844156769028e-02,3.189171728751553220e-03,-2.569184086234684722e-02,-4.420019619164443359e-02,-8.014410798435078059e-03,-2.147307636651066970e-02,-6.266279041732075727e-03,2.482054120258424257e-02
